kids storage,1,furniture,1,Score1 = 0.451388888889, Score2 = 0.788461538462(False)
kids storage,1,other furniture,2,Score1 = 0.753472222222, Score2 = 0.774193548387(False)
screen protectors,1,cables & interconnects,3,Score1 = 1.0, Score2 = 0.0(True)
giftwrap & supplies,1,home decor,1,Score1 = 0.554660529344, Score2 = 0.719917012448(False)
giftwrap & supplies,1,home decor accents,2,Score1 = 0.982738780207, Score2 = 0.887587822014(False)
car battery chargers & accessories,1,replacement parts,1,Score1 = 0.863636363636, Score2 = 0.868421052632(False)
car battery chargers & accessories,1,lighting & electrical,2,Score1 = 0.704545454545, Score2 = 0.6(False)
hooks,1,hardware,1,Score1 = 0.628808864266, Score2 = 0.69456681351(False)
hooks,1,cabinet hardware,2,Score1 = 0.635272391505, Score2 = 0.813953488372(False)
ladders,1,building supplies,1,Score1 = 0.919896640827, Score2 = 0.893258426966(False)
ladders,1,heating & cooling,2,Score1 = 0.578811369509, Score2 = 0.0(True)
indoor fireplaces & stoves,1,building supplies,1,Score1 = 0.606858054226, Score2 = 0.768068331143(False)
indoor fireplaces & stoves,1,heating & cooling,2,Score1 = 0.681818181818, Score2 = 0.0(True)
ceiling fixtures,1,home decor,1,Score1 = 0.868891687657, Score2 = 0.784316567618(False)
ceiling fixtures,1,home decor accents,2,Score1 = 0.527141057935, Score2 = 0.71520726317(False)
briefcases,1,luggage & bags,1,Score1 = 0.908629441624, Score2 = 0.972067039106(False)
briefcases,1,luggage,2,Score1 = 0.568527918782, Score2 = 0.0(True)
blood pressure monitors,1,medical supplies & equipment,1,Score1 = 0.883233532934, Score2 = 0.983050847458(False)
home security,1,safety & security,1,Score1 = 0.365384615385, Score2 = 0.774436090226(False)
massage equipment,1,skin care,1,Score1 = 0.8, Score2 = 0.801020408163(False)
massage equipment,1,body,2,Score1 = 0.740816326531, Score2 = 0.0(True)
shower curtains,1,bath,1,Score1 = 0.980392156863, Score2 = 0.996470588235(False)
patient care,1,health care,1,Score1 = 0.478260869565, Score2 = 0.751515151515(False)
patient care,1,massage & relaxation,2,Score1 = 0.565217391304, Score2 = 0.0(True)
interior lamps,1,home decor,1,Score1 = 0.876038781163, Score2 = 0.772068511199(False)
interior lamps,1,candles & holders,2,Score1 = 0.647737765466, Score2 = 0.681397006415(False)
toilet lids & seats,1,kitchen & bath fixtures,1,Score1 = 0.914051841746, Score2 = 0.934328358209(False)
toilet lids & seats,1,bathroom fixtures,2,Score1 = 1.0, Score2 = 0.0(True)
all bottoms,1,women,1,Score1 = 0.321475625823, Score2 = 0.926229508197(True)
bed pillows,1,bedding,1,Score1 = 0.819732034105, Score2 = 0.903417533432(False)
bed pillows,1,decorative pillows inserts & covers,2,Score1 = 0.862362971985, Score2 = 0.949152542373(False)
boat tops & other accessories,1,home & garden,2,Score1 = 0.551159618008, Score2 = 0.423267326733(True)
wallets,1,backpacks,2,Score1 = 0.759571209801, Score2 = 0.0(True)
automotive electrical,1,replacement parts,1,Score1 = 0.479099678457, Score2 = 0.729865771812(False)
automotive electrical,1,lighting & electrical,2,Score1 = 0.626205787781, Score2 = 0.586649550706(False)
life vests,1,clothing,2,Score1 = 0.794871794872, Score2 = 0.703225806452(False)
life vests,1,t-shirts,3,Score1 = 0.682051282051, Score2 = 0.0(True)
all watches,1,novelty jewelry,1,Score1 = 0.302282645183, Score2 = 0.23209328151(True)
minerals,1,vitamins & dietary supplements,1,Score1 = 0.783733826248, Score2 = 0.912735849057(False)
giftwrap,1,home decor,1,Score1 = 0.484722222222, Score2 = 0.590257879656(False)
giftwrap,1,home decor accents,2,Score1 = 0.988888888889, Score2 = 0.88202247191(False)
braces & supports,1,health care,1,Score1 = 0.522326064382, Score2 = 0.777335984095(False)
braces & supports,1,first aid,2,Score1 = 0.773104880582, Score2 = 0.0(True)
hats & headwear,1,men,1,Score1 = 0.487843137255, Score2 = 0.855305466238(False)
hats & headwear,1,accessories,2,Score1 = 0.882352941176, Score2 = 0.952888888889(False)
hats & headwear,1,hats & caps,3,Score1 = 0.945882352941, Score2 = 0.891376451078(False)
marine electronics,1,home & garden,2,Score1 = 0.537216828479, Score2 = 0.325301204819(True)
bedroom sets,1,furniture,1,Score1 = 0.687637969095, Score2 = 0.967897271268(False)
bedroom sets,1,bedroom furniture,2,Score1 = 0.707505518764, Score2 = 0.936037441498(False)
trash cans & recycle bins,1,storage & organization,1,Score1 = 0.767937219731, Score2 = 0.865693430657(False)
chains ropes & tiedowns,1,hardware,1,Score1 = 0.421645021645, Score2 = 0.583162217659(False)
chains ropes & tiedowns,1,door hardware & locks,2,Score1 = 0.463203463203, Score2 = 0.590654205607(False)
digestion & nausea,1,vitamins & dietary supplements,1,Score1 = 0.579365079365, Score2 = 0.842465753425(False)
fluids & lubricants,1,replacement parts,1,Score1 = 0.491803278689, Score2 = 0.493333333333(True)
cookies,1,snack foods,1,Score1 = 0.877906976744, Score2 = 0.927152317881(False)
flashlights,1,power & hand tools,1,Score1 = 0.881638846737, Score2 = 0.929432013769(False)
flashlights,1,hand tools,2,Score1 = 0.99468892261, Score2 = 0.0(True)
tea,1,beverages,1,Score1 = 0.987755102041, Score2 = 0.98347107438(False)
boxing gear & accessories,1,home & garden,2,Score1 = 0.274881516588, Score2 = 0.48275862069(True)
oral accessories,1,personal care,1,Score1 = 0.788685524126, Score2 = 0.894514767932(False)
paints & primers,1,painting supplies & wall treatments,1,Score1 = 0.896496815287, Score2 = 0.802841918295(False)
griddles & skillets,1,kitchen & dining,1,Score1 = 0.875, Score2 = 0.903361344538(False)
griddles & skillets,1,storage & organization,2,Score1 = 0.238970588235, Score2 = 0.184615384615(True)
wall fixtures,1,home decor,1,Score1 = 0.863075586447, Score2 = 0.943829273203(False)
wall fixtures,1,candles & holders,2,Score1 = 0.661164205039, Score2 = 0.806833114323(False)
atv accessories,1,motorcycle & powersports,1,Score1 = 0.797157053903, Score2 = 0.878491399716(False)
atv accessories,1,parts,2,Score1 = 0.538776023649, Score2 = 0.0(True)
auto paint & body,1,replacement parts,1,Score1 = 0.309523809524, Score2 = 0.338461538462(True)
paintings,1,home decor,1,Score1 = 0.648318042813, Score2 = 0.764150943396(False)
paintings,1,home decor accents,2,Score1 = 0.889908256881, Score2 = 0.824742268041(False)
exercise mats,1,home & garden,2,Score1 = 0.727272727273, Score2 = 0.769736842105(False)
exercise mats,1,decor,3,Score1 = 0.933014354067, Score2 = 0.0(True)
knives & tools,1,home & garden,2,Score1 = 0.420253164557, Score2 = 0.407917383821(True)
basketball backboard systems,1,home & garden,2,Score1 = 0.594713656388, Score2 = 0.422222222222(True)
gun cases & bags,1,sports souvenirs,2,Score1 = 0.36013986014, Score2 = 0.595469255663(False)
water pumps,1,rough plumbing,1,Score1 = 0.817880794702, Score2 = 0.825910931174(False)
plumbing parts & repair,1,rough plumbing,1,Score1 = 0.532079646018, Score2 = 0.833264033264(False)
paper & plastic,1,beverages,1,Score1 = 0.293915434857, Score2 = 0.33567251462(True)
moisturizers,1,skin care,1,Score1 = 0.948717948718, Score2 = 0.954054054054(False)
moisturizers,1,face,2,Score1 = 0.535897435897, Score2 = 0.0(True)
decorative magnets stickers & window clings,1,kitchen & dining,1,Score1 = 0.74347826087, Score2 = 0.932748538012(False)
decorative magnets stickers & window clings,1,kitchen utensils & gadgets,2,Score1 = 0.778260869565, Score2 = 0.916201117318(False)
trading cards,1,sports souvenirs,2,Score1 = 0.951754385965, Score2 = 0.917050691244(False)
tv stands,1,furniture,1,Score1 = 0.97768133912, Score2 = 0.98097653773(False)
tv stands,1,living room furniture,2,Score1 = 0.76379417235, Score2 = 0.439935064935(True)
clamps & vices,1,power & hand tools,1,Score1 = 0.517495395948, Score2 = 0.481613285884(True)
curtain rods & holdbacks,1,home decor,1,Score1 = 0.920227920228, Score2 = 0.929824561404(False)
curtain rods & holdbacks,1,window treatments,2,Score1 = 0.822412155745, Score2 = 0.952655889145(False)
bar & wine accessories,1,kitchen & dining,1,Score1 = 0.88737446198, Score2 = 0.936135812449(False)
bar & wine accessories,1,kitchen utensils & gadgets,2,Score1 = 0.376614060258, Score2 = 0.771428571429(False)
gardening tools,1,gardening,1,Score1 = 0.82, Score2 = 0.777003484321(False)
crackers,1,snack foods,1,Score1 = 0.923841059603, Score2 = 0.899641577061(False)
party tableware,1,kitchen & dining,1,Score1 = 0.810126582278, Score2 = 0.911458333333(False)
party tableware,1,kitchen & table linens,2,Score1 = 0.53164556962, Score2 = 0.920634920635(False)
all earrings,1,earrings,1,Score1 = 0.492986284289, Score2 = 0.480556433765(True)
luggage,1,kitchen & dining,1,Score1 = 0.353333333333, Score2 = 0.368972746331(True)
trailer hitches & towing equipment,1,exterior accessories,1,Score1 = 0.616216216216, Score2 = 0.90350877193(False)
trailer hitches & towing equipment,1,decals & bumper stickers,2,Score1 = 0.49009009009, Score2 = 0.555147058824(False)
body repair,1,replacement parts,1,Score1 = 0.411637931034, Score2 = 0.675392670157(False)
body repair,1,lighting & electrical,2,Score1 = 0.383620689655, Score2 = 0.466292134831(True)
archery & bow accessories,1,home & garden,2,Score1 = 0.490322580645, Score2 = 0.381578947368(True)
headboards,1,furniture,1,Score1 = 0.978070175439, Score2 = 0.995515695067(False)
headboards,1,bedroom furniture,2,Score1 = 0.99269005848, Score2 = 0.986745213549(False)
framed wall art,1,artwork,1,Score1 = 0.687199230029, Score2 = 0.896358543417(False)
grills & accessories fan shop,1,home & garden,2,Score1 = 0.968652037618, Score2 = 0.893203883495(False)
grills & accessories fan shop,1,patio lawn & garden,3,Score1 = 0.711598746082, Score2 = 0.0(True)
cutting tools,1,power & hand tools,1,Score1 = 0.899866488652, Score2 = 0.884272997033(False)
cutting tools,1,hand tools,2,Score1 = 0.806408544726, Score2 = 0.0(True)
prints,1,artwork,1,Score1 = 0.576229305659, Score2 = 0.930960548885(False)
office chairs,1,furniture,1,Score1 = 0.998007968127, Score2 = 0.998403193613(False)
office chairs,1,living room furniture,2,Score1 = 0.499601593625, Score2 = 0.682615629984(False)
scales,1,health care,1,Score1 = 0.682997118156, Score2 = 0.721518987342(False)
scales,1,massage & relaxation,2,Score1 = 0.971181556196, Score2 = 0.0(True)
kids rugs,1,home decor,1,Score1 = 0.997711670481, Score2 = 1.0(False)
kids rugs,1,area rugs & pads,2,Score1 = 0.99885583524, Score2 = 0.997709049255(False)
baking & pastry tools,1,kitchen & dining,1,Score1 = 0.821478382148, Score2 = 0.903225806452(False)
baking & pastry tools,1,bakeware,2,Score1 = 0.542538354254, Score2 = 0.843187660668(False)
vinyl flooring,1,building supplies,1,Score1 = 0.984210526316, Score2 = 0.96256684492(False)
vinyl flooring,1,building materials,2,Score1 = 0.989473684211, Score2 = 0.0(True)
portable saws,1,power & hand tools,1,Score1 = 0.951278928136, Score2 = 0.938540332907(False)
portable saws,1,power tool accessories,2,Score1 = 0.827040194884, Score2 = 0.0(True)
bath sinks,1,kitchen & bath fixtures,1,Score1 = 0.997533908755, Score2 = 0.995055624227(False)
bath sinks,1,bathroom fixtures,2,Score1 = 0.979654747226, Score2 = 0.0(True)
all activewear,1,women,1,Score1 = 0.521035598706, Score2 = 0.950310559006(False)
all activewear,1,active,2,Score1 = 0.514563106796, Score2 = 0.761006289308(False)
outdoor power equipment,1,mowers & outdoor power tools,1,Score1 = 0.581850533808, Score2 = 0.813455657492(False)
handbags,1,luggage & bags,1,Score1 = 0.599109792285, Score2 = 0.89995047053(False)
handbags,1,luggage,2,Score1 = 0.50237388724, Score2 = 0.0(True)
lockers,1,home decor,1,Score1 = 0.593080724876, Score2 = 0.786111111111(False)
lockers,1,home decor accents,2,Score1 = 0.677100494234, Score2 = 0.579075425791(False)
watering,1,gardening,1,Score1 = 0.830528846154, Score2 = 0.828509406657(False)
chargers,1,cables & interconnects,3,Score1 = 0.980148883375, Score2 = 0.0(True)
pumps & accessories,1,home & garden,2,Score1 = 0.666666666667, Score2 = 0.34328358209(True)
car lighting,1,exterior accessories,1,Score1 = 0.453389830508, Score2 = 0.710280373832(False)
car lighting,1,lights & lighting accessories,2,Score1 = 0.940677966102, Score2 = 0.954954954955(False)
removal tools,1,power & hand tools,1,Score1 = 0.943661971831, Score2 = 0.965884861407(False)
removal tools,1,hand tools,2,Score1 = 0.89939637827, Score2 = 0.0(True)
refrigerators and freezers,1,kitchen & dining,1,Score1 = 0.803333333333, Score2 = 0.838174273859(False)
refrigerators and freezers,1,kitchen utensils & gadgets,2,Score1 = 0.653333333333, Score2 = 0.732142857143(False)
kids crafts,1,home decor,1,Score1 = 0.552173913043, Score2 = 0.503937007874(False)
kids crafts,1,home decor accents,2,Score1 = 0.973913043478, Score2 = 0.924107142857(False)
conditioners,1,hair care,1,Score1 = 0.962962962963, Score2 = 0.993006993007(False)
conditioners,1,styling products,2,Score1 = 0.885521885522, Score2 = 0.0(True)
gardening accessories,1,gardening,1,Score1 = 0.854838709677, Score2 = 0.891509433962(False)
home safes & lock boxes,1,electrical,1,Score1 = 0.279112754159, Score2 = 0.165562913907(True)
hand saws,1,power & hand tools,1,Score1 = 0.95, Score2 = 0.973684210526(False)
hand saws,1,power tool accessories,2,Score1 = 0.625, Score2 = 0.0(True)
lawn mowers,1,mowers & outdoor power tools,1,Score1 = 0.54358974359, Score2 = 0.707547169811(False)
benches,1,furniture,1,Score1 = 0.984167517875, Score2 = 0.989102231448(False)
benches,1,other furniture,2,Score1 = 0.543922369765, Score2 = 0.84882629108(False)
laundry organization,1,storage & organization,1,Score1 = 0.591874422899, Score2 = 0.756630265211(False)
kids desks & chairs,1,furniture,1,Score1 = 0.908854166667, Score2 = 0.948424068768(False)
kids desks & chairs,1,living room furniture,2,Score1 = 0.442708333333, Score2 = 0.794117647059(False)
storage & organization fan shop,1,home & garden,2,Score1 = 0.535465924896, Score2 = 0.374025974026(True)
indoor holiday decor,1,home decor,1,Score1 = 0.426784059314, Score2 = 0.78447339848(False)
indoor holiday decor,1,home decor accents,2,Score1 = 0.937905468026, Score2 = 0.967144268775(False)
weight training accessories,1,home & garden,2,Score1 = 0.296650717703, Score2 = 0.354838709677(True)
plant stands & telephone tables,1,home decor,1,Score1 = 0.637209302326, Score2 = 0.970802919708(False)
plant stands & telephone tables,1,home decor accents,2,Score1 = 0.995348837209, Score2 = 0.985981308411(False)
window coverings,1,home decor,1,Score1 = 0.98250728863, Score2 = 0.960237388724(False)
window coverings,1,window treatments,2,Score1 = 0.985422740525, Score2 = 0.991124260355(False)
outdoor lighting,1,outdoor decor,1,Score1 = 0.863492732252, Score2 = 0.900951451574(False)
furniture fan shop,1,sports souvenirs,2,Score1 = 0.527334851936, Score2 = 0.948164146868(False)
barstools & counter stools,1,furniture,1,Score1 = 0.998235812996, Score2 = 0.99440353461(False)
barstools & counter stools,1,dining room furniture,2,Score1 = 0.330491032049, Score2 = 0.642348754448(True)
mirrors,1,home decor,1,Score1 = 0.930164319249, Score2 = 0.977602523659(False)
mirrors,1,home decor accents,2,Score1 = 0.961561032864, Score2 = 0.944766554776(False)
wreaths & garland,1,seasonal decor,1,Score1 = 0.725852725534, Score2 = 0.953447518665(False)
yarn,1,kitchen & dining,1,Score1 = 0.458052073288, Score2 = 0.381052631579(True)
scrapbooking & paper crafts,1,home decor,1,Score1 = 0.630453657478, Score2 = 0.691168875882(False)
scrapbooking & paper crafts,1,home decor accents,2,Score1 = 0.964184935967, Score2 = 0.929648806844(False)
lighting fan shop,1,home & garden,2,Score1 = 0.922794117647, Score2 = 0.890438247012(False)
lighting fan shop,1,decor,3,Score1 = 0.908088235294, Score2 = 0.0(True)
stroller accessories,1,gifts,1,Score1 = 0.537549407115, Score2 = 0.0(True)
shelving,1,furniture,1,Score1 = 0.38818249813, Score2 = 0.631984585742(False)
shelving,1,other furniture,2,Score1 = 0.84966342558, Score2 = 0.931338028169(False)
room dividers,1,furniture,1,Score1 = 0.920386904762, Score2 = 0.959579628133(False)
room dividers,1,other furniture,2,Score1 = 0.736607142857, Score2 = 0.737373737374(False)
wind chimes & flags,1,outdoor decor,1,Score1 = 0.958490566038, Score2 = 0.967379077615(False)
brooches & pins,1,novelty & more,1,Score1 = 0.728260869565, Score2 = 0.713432835821(False)
brooches & pins,1,body jewelry,2,Score1 = 0.6, Score2 = 0.840579710145(False)
fertilizer & soil,1,gardening,1,Score1 = 0.957186544343, Score2 = 0.939297124601(False)
decorative accents,1,home decor,1,Score1 = 0.649349007711, Score2 = 0.794821880475(False)
decorative accents,1,home decor accents,2,Score1 = 0.986095310327, Score2 = 0.977310601205(False)
desktop & drawer organizers,1,kitchen & dining,1,Score1 = 0.349315068493, Score2 = 0.588235294118(True)
herbals,1,vitamins & dietary supplements,1,Score1 = 0.533333333333, Score2 = 0.907894736842(False)
spark plugs,1,replacement parts,1,Score1 = 0.967455621302, Score2 = 0.957186544343(False)
spark plugs,1,ignition parts,2,Score1 = 0.742603550296, Score2 = 0.932270916335(False)
car seat covers,1,interior accessories,1,Score1 = 0.677298311445, Score2 = 0.595567867036(False)
car seat covers,1,seat covers & accessories,2,Score1 = 0.649155722326, Score2 = 0.520231213873(False)
vases,1,home decor,1,Score1 = 0.932049224184, Score2 = 0.974741676234(False)
vases,1,home decor accents,2,Score1 = 0.983948635634, Score2 = 0.989124524198(False)
toasters & ovens,1,kitchen & dining,1,Score1 = 0.980620155039, Score2 = 0.98418972332(False)
toasters & ovens,1,storage & organization,2,Score1 = 0.414728682171, Score2 = 0.205607476636(True)
womens halloween costumes,1,home decor,1,Score1 = 0.835714285714, Score2 = 0.833333333333(False)
womens halloween costumes,1,home decor accents,2,Score1 = 1.0, Score2 = 0.975(False)
oil filters,1,replacement parts,1,Score1 = 0.542253521127, Score2 = 0.896103896104(False)
oil filters,1,shocks struts & suspension,2,Score1 = 0.542253521127, Score2 = 0.298701298701(True)
abrasives,1,power & hand tools,1,Score1 = 0.84780278671, Score2 = 0.793088916983(False)
abrasives,1,power tool accessories,2,Score1 = 0.75884244373, Score2 = 0.0(True)
garden statues & accents,1,outdoor decor,1,Score1 = 0.685114503817, Score2 = 0.89182915506(False)
baby & toddler lighting,1,nursery,1,Score1 = 0.990783410138, Score2 = 0.0(True)
jointers & planers,1,power & hand tools,1,Score1 = 0.57908847185, Score2 = 0.805555555556(False)
jointers & planers,1,hand tools,2,Score1 = 0.501340482574, Score2 = 0.0(True)
deodorants & antiperspirant,1,personal care,1,Score1 = 0.96568627451, Score2 = 0.969543147208(False)
fire safety,1,safety & security,1,Score1 = 0.645454545455, Score2 = 0.760563380282(False)
dartboards,1,home & garden,2,Score1 = 0.5559566787, Score2 = 0.461038961039(True)
rifle scopes,1,home & garden,2,Score1 = 0.555555555556, Score2 = 0.212021857923(True)
bottle feeding,1,nursery,1,Score1 = 0.605042016807, Score2 = 0.0(True)
luggage sets,1,home decor,1,Score1 = 0.512077294686, Score2 = 0.301886792453(True)
bird baths & feeders,1,gardening,1,Score1 = 0.688393367639, Score2 = 0.696843853821(False)
tools & accessories,1,home & garden,2,Score1 = 0.569620253165, Score2 = 0.377777777778(True)
pans,1,kitchen & dining,1,Score1 = 0.991869918699, Score2 = 0.974043715847(False)
pans,1,bakeware,2,Score1 = 0.337398373984, Score2 = 0.5140562249(True)
hardwood & laminate flooring,1,building supplies,1,Score1 = 0.980186480186, Score2 = 0.9548156956(False)
hardwood & laminate flooring,1,building materials,2,Score1 = 0.994172494172, Score2 = 0.0(True)
safety equipment & gear,1,safety & security,1,Score1 = 0.703281423804, Score2 = 0.85172004745(False)
braces & straps,1,hardware,1,Score1 = 0.492537313433, Score2 = 0.757575757576(False)
braces & straps,1,door hardware & locks,2,Score1 = 0.686567164179, Score2 = 0.811594202899(False)
baby clothing,1,baby,1,Score1 = 0.816285998014, Score2 = 0.811435523114(False)
baby clothing,1,baby girls,2,Score1 = 0.550148957299, Score2 = 0.938628158845(False)
hammocks & swings,1,patio furniture & accessories,1,Score1 = 0.966431095406, Score2 = 0.978062157221(False)
shower bases doors & walls,1,kitchen & bath fixtures,1,Score1 = 0.961722488038, Score2 = 0.975124378109(False)
shower bases doors & walls,1,bathroom fixtures,2,Score1 = 0.995215311005, Score2 = 0.0(True)
feminine care,1,personal care,1,Score1 = 0.5625, Score2 = 0.708333333333(False)
massagers,1,skin care,1,Score1 = 0.438818565401, Score2 = 0.730769230769(False)
massagers,1,body,2,Score1 = 0.518987341772, Score2 = 0.0(True)
foot care,1,health care,1,Score1 = 0.678414096916, Score2 = 0.779220779221(False)
foot care,1,massage & relaxation,2,Score1 = 0.568281938326, Score2 = 0.0(True)
kitchen & dining chairs,1,furniture,1,Score1 = 0.994152046784, Score2 = 0.997058823529(False)
kitchen & dining chairs,1,dining room furniture,2,Score1 = 0.847953216374, Score2 = 0.970689655172(False)
accessories fan shop,1,clothing accessories,2,Score1 = 0.362916006339, Score2 = 0.855895196507(False)
decorative door hardware,1,hardware,1,Score1 = 0.910469314079, Score2 = 0.946603224954(False)
decorative door hardware,1,door hardware & locks,2,Score1 = 0.608423586041, Score2 = 0.967167721519(False)
cargo management system,1,exterior accessories,1,Score1 = 0.433862433862, Score2 = 0.646341463415(False)
cargo management system,1,decals & bumper stickers,2,Score1 = 0.597883597884, Score2 = 0.769911504425(False)
toys & games fan shop,1,home & garden,2,Score1 = 0.420830401126, Score2 = 0.501672240803(False)
toys & games fan shop,1,decor,3,Score1 = 0.907811400422, Score2 = 0.0(True)
coffee,1,beverages,1,Score1 = 0.985318107667, Score2 = 0.990066225166(False)
dimmers switches & wall plates,1,electrical,1,Score1 = 0.558234992304, Score2 = 0.695772058824(False)
dimmers switches & wall plates,1,wall plates & accessories,2,Score1 = 0.616213442791, Score2 = 0.0(True)
coffee tea and espresso,1,kitchen & dining,1,Score1 = 0.915879828326, Score2 = 0.92221180881(False)
coffee tea and espresso,1,tabletop,2,Score1 = 0.799141630901, Score2 = 0.809881847476(False)
sandpaper,1,power & hand tools,1,Score1 = 0.895204262877, Score2 = 0.884920634921(False)
sandpaper,1,power tool accessories,2,Score1 = 0.664298401421, Score2 = 0.0(True)
other flooring,1,building supplies,1,Score1 = 0.725321888412, Score2 = 0.890532544379(False)
other flooring,1,building materials,2,Score1 = 0.851931330472, Score2 = 0.0(True)
bath accessories,1,skin care,1,Score1 = 0.40625, Score2 = 0.753846153846(False)
bath accessories,1,body,2,Score1 = 0.691666666667, Score2 = 0.0(True)
dinnerware,1,kitchen & dining,1,Score1 = 0.952240566038, Score2 = 0.955417956656(False)
dinnerware,1,tabletop,2,Score1 = 0.968160377358, Score2 = 0.970767356882(False)
dinnerware,1,serveware,3,Score1 = 0.917452830189, Score2 = 0.0(True)
fitness balls,1,sports equipment,2,Score1 = 0.612987012987, Score2 = 0.703389830508(False)
runners,1,home decor,1,Score1 = 0.993875765529, Score2 = 0.994718309859(False)
runners,1,area rugs & pads,2,Score1 = 1.0, Score2 = 1.0(False)
jam jelly & preserves,1,snack foods,1,Score1 = 0.459595959596, Score2 = 0.32967032967(True)
greenhouses,1,gardening,1,Score1 = 0.718518518519, Score2 = 0.59793814433(False)
indoor fireplaces,1,building supplies,1,Score1 = 0.751079136691, Score2 = 0.810344827586(False)
indoor fireplaces,1,heating & cooling,2,Score1 = 0.808633093525, Score2 = 0.0(True)
pasta & noodles,1,snack foods,1,Score1 = 0.340740740741, Score2 = 0.188405797101(True)
fences & trellises,1,gardening,1,Score1 = 0.539325842697, Score2 = 0.708333333333(False)
ventilation,1,building supplies,1,Score1 = 0.487972508591, Score2 = 0.788732394366(False)
ventilation,1,heating & cooling,2,Score1 = 0.893470790378, Score2 = 0.0(True)
cargo management,1,exterior accessories,1,Score1 = 0.337748344371, Score2 = 0.686274509804(True)
gazebos & garden structures,1,patio furniture & accessories,1,Score1 = 0.485507246377, Score2 = 0.8407960199(False)
snow removal,1,gardening,1,Score1 = 0.600682593857, Score2 = 0.556818181818(False)
grease guns,1,power & hand tools,1,Score1 = 0.7, Score2 = 0.75(False)
grease guns,1,power tool accessories,2,Score1 = 0.655, Score2 = 0.0(True)
bathroom accessories,1,bath,1,Score1 = 0.560318008987, Score2 = 0.901912399753(False)
mobility aids,1,medical supplies & equipment,1,Score1 = 0.604166666667, Score2 = 0.851724137931(False)
toddler lounge seating,1,nursery,1,Score1 = 0.835, Score2 = 0.0(True)
tents,1,home & garden,2,Score1 = 0.545454545455, Score2 = 0.363636363636(True)
vacuums and floor care,1,kitchen & dining,1,Score1 = 0.55608974359, Score2 = 0.541786743516(False)
vacuums and floor care,1,storage & organization,2,Score1 = 0.652243589744, Score2 = 0.845208845209(False)
anti-theft devices,1,replacement parts,1,Score1 = 0.347639484979, Score2 = 0.469135802469(True)
cough cold & flu,1,health care,1,Score1 = 0.696581196581, Score2 = 0.736196319018(False)
cough cold & flu,1,massage & relaxation,2,Score1 = 0.944444444444, Score2 = 0.0(True)
backpacks,1,luggage & bags,1,Score1 = 0.870886075949, Score2 = 0.957848837209(False)
backpacks,1,backpacks,2,Score1 = 0.846202531646, Score2 = 0.0(True)
other home improvement,1,lighting & ceiling fans,1,Score1 = 0.353773584906, Score2 = 0.866666666667(False)
other home improvement,1,ceiling lights,2,Score1 = 0.334905660377, Score2 = 0.605633802817(True)
other arts & crafts,1,artwork,1,Score1 = 0.747082360787, Score2 = 0.932827493863(False)
dutch ovens & roasters,1,kitchen & dining,1,Score1 = 0.985074626866, Score2 = 0.974747474747(False)
dutch ovens & roasters,1,storage & organization,2,Score1 = 0.497512437811, Score2 = 0.42(True)
optic accessories,1,home & garden,2,Score1 = 0.402272727273, Score2 = 0.265536723164(True)
greeting cards & invitations,1,home decor,1,Score1 = 0.717299578059, Score2 = 0.823529411765(False)
greeting cards & invitations,1,home decor accents,2,Score1 = 0.949367088608, Score2 = 0.853333333333(False)
holiday lighting,1,seasonal decor,1,Score1 = 0.811394891945, Score2 = 0.934624697337(False)
sports nutrition,1,vitamins & dietary supplements,1,Score1 = 0.838888888889, Score2 = 0.924944812362(False)
serveware,1,kitchen & dining,1,Score1 = 0.899541769475, Score2 = 0.908307210031(False)
serveware,1,tabletop,2,Score1 = 0.620373634121, Score2 = 0.880113636364(False)
patio furniture sets,1,patio furniture & accessories,1,Score1 = 0.979334098737, Score2 = 0.989058225869(False)
coolers,1,home & garden,2,Score1 = 0.975669099757, Score2 = 0.97506234414(False)
coolers,1,patio lawn & garden,3,Score1 = 0.958637469586, Score2 = 0.0(True)
baseball mitts & gloves,1,sports equipment,2,Score1 = 0.669642857143, Score2 = 0.82(False)
measuring & layout tools,1,power & hand tools,1,Score1 = 0.710839160839, Score2 = 0.693556320708(False)
measuring & layout tools,1,hand tools,2,Score1 = 0.770979020979, Score2 = 0.0(True)
mens shoes,1,men,1,Score1 = 0.52619047619, Score2 = 0.900452488688(False)
mens shoes,1,boots,2,Score1 = 0.290476190476, Score2 = 0.540983606557(True)
table tennis,1,home & garden,2,Score1 = 0.840740740741, Score2 = 0.894273127753(False)
table tennis,1,decor,3,Score1 = 0.885185185185, Score2 = 0.0(True)
ceramics & pottery,1,home decor,1,Score1 = 0.451745379877, Score2 = 0.659090909091(False)
ceramics & pottery,1,home decor accents,2,Score1 = 0.973305954825, Score2 = 0.940928270042(False)
desks,1,furniture,1,Score1 = 0.879922530665, Score2 = 0.962337979946(False)
desks,1,other furniture,2,Score1 = 0.447815795137, Score2 = 0.562710235464(False)
telescopes,1,home & garden,2,Score1 = 0.659793814433, Score2 = 0.2109375(True)
body treatments,1,skin care,1,Score1 = 0.915451895044, Score2 = 0.958598726115(False)
body treatments,1,face,2,Score1 = 0.781341107872, Score2 = 0.0(True)
decorative - exterior,1,exterior accessories,1,Score1 = 0.711062190424, Score2 = 0.973684210526(False)
decorative - exterior,1,license plate covers & frames,2,Score1 = 0.336268574573, Score2 = 0.995090016367(True)
all fragrances,1,fragrance,1,Score1 = 0.914956736712, Score2 = 0.941502296677(False)
all fragrances,1,womens,2,Score1 = 0.633868974042, Score2 = 0.0(True)
surface protectors,1,hardware,1,Score1 = 0.388392857143, Score2 = 0.67816091954(False)
surface protectors,1,door hardware & locks,2,Score1 = 0.464285714286, Score2 = 0.461538461538(True)
learning toys,1,nursery,1,Score1 = 0.694063926941, Score2 = 0.0(True)
baskets & bins,1,home decor,1,Score1 = 0.372646733112, Score2 = 0.624071322437(False)
baskets & bins,1,home decor accents,2,Score1 = 0.941860465116, Score2 = 0.925338036449(False)
water storage & treatments,1,building supplies,1,Score1 = 0.418410041841, Score2 = 0.64(False)
water storage & treatments,1,heating & cooling,2,Score1 = 0.958158995816, Score2 = 0.0(True)
facial cleansers,1,skin care,1,Score1 = 0.948598130841, Score2 = 0.945812807882(False)
facial cleansers,1,face,2,Score1 = 0.855140186916, Score2 = 0.0(True)
outdoor tableware & picnic,1,kitchen & dining,1,Score1 = 0.606722689076, Score2 = 0.795013850416(False)
outdoor tableware & picnic,1,storage & organization,2,Score1 = 0.808403361345, Score2 = 0.673596673597(False)
coverings & protection,1,exterior accessories,1,Score1 = 0.622222222222, Score2 = 0.834821428571(False)
coverings & protection,1,covers,2,Score1 = 0.525, Score2 = 0.888888888889(False)
auto repair tools,1,replacement parts,1,Score1 = 0.579710144928, Score2 = 0.65625(False)
auto repair tools,1,shocks struts & suspension,2,Score1 = 0.317934782609, Score2 = 0.532763532764(True)
accent chests,1,furniture,1,Score1 = 0.799783549784, Score2 = 0.836265223275(False)
accent chests,1,other furniture,2,Score1 = 0.45670995671, Score2 = 0.812796208531(False)
kids halloween costumes,1,home decor,1,Score1 = 0.704658077304, Score2 = 0.654008438819(False)
kids halloween costumes,1,home decor accents,2,Score1 = 0.981169474727, Score2 = 0.921212121212(False)
wheelchairs,1,medical supplies & equipment,1,Score1 = 0.856459330144, Score2 = 0.988826815642(False)
bath hardware,1,bath,1,Score1 = 0.842864007689, Score2 = 0.947548460661(False)
wrenches & ratchets,1,power & hand tools,1,Score1 = 0.941860465116, Score2 = 0.925925925926(False)
wrenches & ratchets,1,hand tools,2,Score1 = 0.86511627907, Score2 = 0.0(True)
weight sets,1,home & garden,2,Score1 = 0.322443181818, Score2 = 0.370044052863(True)
baking mixes,1,canned dry & packaged foods,1,Score1 = 0.775, Score2 = 0.887096774194(False)
indoor seasonal decor fan shop,1,home & garden,2,Score1 = 0.865464632455, Score2 = 0.932692307692(False)
indoor seasonal decor fan shop,1,decor,3,Score1 = 0.962552011096, Score2 = 0.0(True)
umbrellas,1,luggage & bags,1,Score1 = 0.861751152074, Score2 = 0.951871657754(False)
umbrellas,1,luggage,2,Score1 = 0.654377880184, Score2 = 0.0(True)
baby blankets,1,nursery,1,Score1 = 0.969365426696, Score2 = 0.0(True)
eye care,1,personal care,1,Score1 = 0.483253588517, Score2 = 0.752475247525(False)
pots,1,kitchen & dining,1,Score1 = 0.936464088398, Score2 = 0.94395280236(False)
pots,1,tabletop,2,Score1 = 0.370165745856, Score2 = 0.462686567164(True)
shower & tub modules,1,kitchen & bath fixtures,1,Score1 = 0.951724137931, Score2 = 0.974637681159(False)
shower & tub modules,1,bathroom fixtures,2,Score1 = 1.0, Score2 = 0.0(True)
fitness kits & accessories,1,home & garden,2,Score1 = 0.513812154696, Score2 = 0.478494623656(True)
garage storage,1,storage & organization,1,Score1 = 0.494033412888, Score2 = 0.753623188406(False)
clothing fan shop,1,clothing,2,Score1 = 0.733703890854, Score2 = 0.873278236915(False)
clothing fan shop,1,t-shirts,3,Score1 = 0.766548762001, Score2 = 0.0(True)
bars & wine racks,1,furniture,1,Score1 = 0.545882352941, Score2 = 0.775862068966(False)
bars & wine racks,1,other furniture,2,Score1 = 0.430588235294, Score2 = 0.704918032787(False)
folding tables & chairs,1,furniture,1,Score1 = 0.980079681275, Score2 = 0.989837398374(False)
folding tables & chairs,1,other furniture,2,Score1 = 0.84561752988, Score2 = 0.939929328622(False)
eyes,1,makeup,1,Score1 = 0.932166301969, Score2 = 0.988262910798(False)
eyes,1,eyes,2,Score1 = 0.932166301969, Score2 = 0.983568075117(False)
bath rugs & mats,1,bath,1,Score1 = 0.829201101928, Score2 = 0.963455149502(False)
decorations,1,home decor,1,Score1 = 0.498759305211, Score2 = 0.666666666667(False)
decorations,1,home decor accents,2,Score1 = 0.937965260546, Score2 = 0.962962962963(False)
indoor halloween decor,1,home decor,1,Score1 = 0.647826086957, Score2 = 0.664429530201(False)
indoor halloween decor,1,home decor accents,2,Score1 = 0.84347826087, Score2 = 0.932989690722(False)
cushions,1,home decor,1,Score1 = 0.529964747356, Score2 = 0.272727272727(True)
shoes fan shop,1,clothing,2,Score1 = 0.396761133603, Score2 = 0.602040816327(False)
shoes fan shop,1,t-shirts,3,Score1 = 0.81983805668, Score2 = 0.0(True)
pantries carts & islands,1,furniture,1,Score1 = 0.79363449692, Score2 = 0.924967658473(False)
pantries carts & islands,1,other furniture,2,Score1 = 0.564681724846, Score2 = 0.689090909091(False)
cereal,1,snack foods,1,Score1 = 0.478672985782, Score2 = 0.49504950495(True)
albums,1,home decor,1,Score1 = 0.865359477124, Score2 = 0.941087613293(False)
albums,1,home decor accents,2,Score1 = 0.76862745098, Score2 = 0.68537414966(False)
auto care & cleaning products,1,replacement parts,1,Score1 = 0.380165289256, Score2 = 0.336956521739(True)
pots & planters,1,gardening,1,Score1 = 0.923423423423, Score2 = 0.949128919861(False)
auto safety accessories,1,replacement parts,1,Score1 = 0.38683788122, Score2 = 0.684647302905(False)
auto safety accessories,1,lighting & electrical,2,Score1 = 0.444622792937, Score2 = 0.436823104693(True)
gun sights,1,home & garden,2,Score1 = 0.38961038961, Score2 = 0.325(True)
pot racks & hanging baskets,1,kitchen & dining,1,Score1 = 0.78125, Score2 = 0.865(False)
pot racks & hanging baskets,1,storage & organization,2,Score1 = 0.86328125, Score2 = 0.932126696833(False)
grill tools & accessories,1,gardening,1,Score1 = 0.480793060719, Score2 = 0.507731958763(False)
shampoos,1,hair care,1,Score1 = 0.957966101695, Score2 = 0.980184005662(False)
shampoos,1,styling products,2,Score1 = 0.596610169492, Score2 = 0.0(True)
accent tables,1,furniture,1,Score1 = 0.989690721649, Score2 = 0.990584935897(False)
accent tables,1,living room furniture,2,Score1 = 0.944091990484, Score2 = 0.984670306594(False)
paint tools & supplies,1,painting supplies & wall treatments,1,Score1 = 0.530004196391, Score2 = 0.719714964371(False)
halloween masks,1,home decor,1,Score1 = 0.856899488927, Score2 = 0.934393638171(False)
halloween masks,1,home decor accents,2,Score1 = 1.0, Score2 = 0.991482112436(False)
juice,1,beverages,1,Score1 = 0.911042944785, Score2 = 0.902356902357(False)
screws,1,hardware,1,Score1 = 0.741550695825, Score2 = 0.930294906166(False)
screws,1,nails screws & fasteners,2,Score1 = 0.844930417495, Score2 = 0.96(False)
all pendants & necklaces,1,necklaces,1,Score1 = 0.457101840905, Score2 = 0.379272122668(True)
all pendants & necklaces,1,pendants,2,Score1 = 0.674379327816, Score2 = 0.0(True)
food prep,1,kitchen & dining,1,Score1 = 0.929792979298, Score2 = 0.937076476283(False)
food prep,1,kitchen utensils & gadgets,2,Score1 = 0.719171917192, Score2 = 0.842302878598(False)
furniture accessories,1,kitchen & dining,1,Score1 = 0.382899628253, Score2 = 0.21359223301(True)
bakeware,1,kitchen & dining,1,Score1 = 0.954136690647, Score2 = 0.927426955702(False)
bakeware,1,bakeware,2,Score1 = 0.539568345324, Score2 = 0.831666666667(False)
futons & loungers,1,home decor,1,Score1 = 0.639575971731, Score2 = 0.939226519337(False)
futons & loungers,1,home decor accents,2,Score1 = 0.636042402827, Score2 = 0.85(False)
patterns,1,home decor,1,Score1 = 0.453262786596, Score2 = 0.455252918288(True)
billiards,1,home & garden,2,Score1 = 0.623084780388, Score2 = 0.550819672131(False)
billiards,1,decor,3,Score1 = 0.858018386108, Score2 = 0.0(True)
home decor,1,kitchen & dining,1,Score1 = 0.443925233645, Score2 = 0.531578947368(False)
home decor,1,kitchen utensils & gadgets,2,Score1 = 0.5, Score2 = 0.509345794393(False)
doors,1,hardware,1,Score1 = 0.509960159363, Score2 = 0.8671875(False)
doors,1,door hardware & locks,2,Score1 = 0.876494023904, Score2 = 0.85(False)
stocks & broths,1,snack foods,1,Score1 = 0.280821917808, Score2 = 0.268292682927(True)
tool belts,1,power & hand tools,1,Score1 = 0.721854304636, Score2 = 0.766055045872(False)
tool belts,1,hand tools,2,Score1 = 0.877483443709, Score2 = 0.0(True)
sports equipment fan shop,1,sports equipment,2,Score1 = 0.792186201164, Score2 = 0.845750262329(False)
canopies & shelters,1,home & garden,2,Score1 = 0.632016632017, Score2 = 0.618421052632(False)
canopies & shelters,1,decor,3,Score1 = 0.775467775468, Score2 = 0.0(True)
travel accessories,1,home decor,1,Score1 = 0.429699062654, Score2 = 0.65671641791(False)
travel accessories,1,home decor accents,2,Score1 = 0.948199309324, Score2 = 0.865244536941(False)
microwaves,1,kitchen & dining,1,Score1 = 0.943231441048, Score2 = 0.851851851852(False)
microwaves,1,storage & organization,2,Score1 = 0.624454148472, Score2 = 0.496503496503(True)
jewelry storage,1,accessories,1,Score1 = 0.865771812081, Score2 = 0.791989664083(False)
jewelry storage,1,jewelry boxes & organizers,2,Score1 = 0.920581655481, Score2 = 0.956257594168(False)
ceiling fans,1,home decor,1,Score1 = 0.757308584687, Score2 = 0.833946078431(False)
ceiling fans,1,home decor accents,2,Score1 = 0.970765661253, Score2 = 0.93690248566(False)
sheets,1,bedding,1,Score1 = 0.973244147157, Score2 = 0.972508591065(False)
sheets,1,sheets & pillowcases,2,Score1 = 0.957636566332, Score2 = 0.981373690338(False)
darts,1,home & garden,2,Score1 = 0.688725490196, Score2 = 0.241992882562(True)
fishing hooks & lure kits,1,home & garden,2,Score1 = 0.510775862069, Score2 = 0.337552742616(True)
jewelry fan shop,1,sports souvenirs,2,Score1 = 0.526708074534, Score2 = 0.537146226415(False)
sewing & quilting accessories,1,home decor,1,Score1 = 0.341911764706, Score2 = 0.537634408602(True)
bath fan shop,1,home & garden,2,Score1 = 0.750902527076, Score2 = 0.764423076923(False)
bath fan shop,1,decor,3,Score1 = 0.870036101083, Score2 = 0.0(True)
soups,1,snack foods,1,Score1 = 0.491150442478, Score2 = 0.234234234234(True)
floor & cargo mats,1,interior accessories,1,Score1 = 0.979606700655, Score2 = 0.957620817844(False)
floor & cargo mats,1,floor mats & cargo liners,2,Score1 = 0.995630007283, Score2 = 0.998536942209(False)
floor & cargo mats,1,floor mats,3,Score1 = 0.676620538966, Score2 = 0.0(True)
art supplies,1,home decor,1,Score1 = 0.452165635412, Score2 = 0.624210526316(False)
art supplies,1,home decor accents,2,Score1 = 0.948357924798, Score2 = 0.904140526976(False)
kids beds & headboards,1,furniture,1,Score1 = 0.97699890471, Score2 = 0.982062780269(False)
kids beds & headboards,1,bedroom furniture,2,Score1 = 0.989047097481, Score2 = 0.99446290144(False)
face,1,makeup,1,Score1 = 0.887715930902, Score2 = 0.956756756757(False)
face,1,face,2,Score1 = 0.976007677543, Score2 = 0.963618485742(False)
air compressors,1,power & hand tools,1,Score1 = 0.701158940397, Score2 = 0.695395513577(False)
air compressors,1,power tool accessories,2,Score1 = 0.685430463576, Score2 = 0.0(True)
tool storage,1,power & hand tools,1,Score1 = 0.531227566403, Score2 = 0.745945945946(False)
tool storage,1,hand tools,2,Score1 = 0.867910983489, Score2 = 0.0(True)
hunting accessories,1,home & garden,2,Score1 = 0.35046728972, Score2 = 0.358095238095(True)
party supplies,1,home decor,1,Score1 = 0.463374028857, Score2 = 0.616766467066(False)
party supplies,1,home decor accents,2,Score1 = 0.955604883463, Score2 = 0.901858304297(False)
welding & torches,1,power & hand tools,1,Score1 = 0.817612977984, Score2 = 0.857709750567(False)
welding & torches,1,power tool accessories,2,Score1 = 0.861645422943, Score2 = 0.0(True)
cushions & pillows,1,patio furniture & accessories,1,Score1 = 0.994557823129, Score2 = 0.994528043776(False)
tent accessories,1,home & garden,2,Score1 = 0.480198019802, Score2 = 0.515463917526(False)
tent accessories,1,decor,3,Score1 = 0.80198019802, Score2 = 0.0(True)
beauty tools & accessories,1,tools & accessories,1,Score1 = 0.489894907033, Score2 = 0.856435643564(False)
beauty tools & accessories,1,bags & cases,2,Score1 = 0.868229587712, Score2 = 0.0(True)
golf balls,1,sports equipment,2,Score1 = 0.94964028777, Score2 = 0.996212121212(False)
water coolers & filtration,1,kitchen & dining,1,Score1 = 0.84879406308, Score2 = 0.908196721311(False)
water coolers & filtration,1,storage & organization,2,Score1 = 0.518552875696, Score2 = 0.441860465116(True)
curtain panels,1,home decor,1,Score1 = 0.995614035088, Score2 = 0.964757709251(False)
curtain panels,1,window treatments,2,Score1 = 0.995614035088, Score2 = 0.991189427313(False)
hair color,1,hair care,1,Score1 = 0.952830188679, Score2 = 0.940594059406(False)
hair color,1,styling products,2,Score1 = 0.77358490566, Score2 = 0.0(True)
sewing accessories,1,kitchen & dining,1,Score1 = 0.387567793075, Score2 = 0.301399354144(True)
car covers & car protection,1,exterior accessories,1,Score1 = 0.643216080402, Score2 = 0.8125(False)
car covers & car protection,1,covers,2,Score1 = 0.570351758794, Score2 = 0.854625550661(False)
patio furniture covers,1,patio furniture & accessories,1,Score1 = 0.965277777778, Score2 = 0.953237410072(False)
irons & ironing boards,1,kitchen & dining,1,Score1 = 0.694915254237, Score2 = 0.712195121951(False)
irons & ironing boards,1,kitchen utensils & gadgets,2,Score1 = 0.403389830508, Score2 = 0.655462184874(False)
hand creams & lotions,1,skin care,1,Score1 = 0.945054945055, Score2 = 0.922965116279(False)
hand creams & lotions,1,body,2,Score1 = 0.733516483516, Score2 = 0.0(True)
generators,1,electrical,1,Score1 = 0.573913043478, Score2 = 0.522727272727(False)
generators,1,light bulbs,2,Score1 = 0.913043478261, Score2 = 0.0(True)
sofas loveseats & sectionals,1,furniture,1,Score1 = 0.962841015992, Score2 = 0.985344406448(False)
sofas loveseats & sectionals,1,living room furniture,2,Score1 = 0.994355597366, Score2 = 0.993850520341(False)
baby mattresses,1,nursery,1,Score1 = 0.845410628019, Score2 = 0.0(True)
vacuum bags & accessories,1,kitchen & dining,1,Score1 = 0.587818696884, Score2 = 0.744578313253(False)
vacuum bags & accessories,1,storage & organization,2,Score1 = 0.556657223796, Score2 = 0.613231552163(False)
scarves & valances,1,home decor,1,Score1 = 0.994871794872, Score2 = 0.994845360825(False)
scarves & valances,1,window treatments,2,Score1 = 0.984615384615, Score2 = 0.994791666667(False)
crib bedding sets,1,nursery,1,Score1 = 0.965079365079, Score2 = 0.0(True)
sunglasses,1,personal care,1,Score1 = 0.870310825295, Score2 = 0.883004926108(False)
door bells & chimes,1,hardware,1,Score1 = 0.301369863014, Score2 = 0.329545454545(True)
skin care sets,1,skin care,1,Score1 = 0.798429319372, Score2 = 0.914754098361(False)
skin care sets,1,face,2,Score1 = 0.65445026178, Score2 = 0.0(True)
automotive fan shop,1,auto accessories,2,Score1 = 0.782043709392, Score2 = 0.913141993958(False)
bathroom aids & safety,1,health care,1,Score1 = 0.474341192788, Score2 = 0.795321637427(False)
bathroom aids & safety,1,massage & relaxation,2,Score1 = 0.923717059639, Score2 = 0.0(True)
quilts & bedspreads,1,bedding,1,Score1 = 0.960526315789, Score2 = 0.956164383562(False)
quilts & bedspreads,1,duvet covers & sets,2,Score1 = 0.431578947368, Score2 = 0.939024390244(False)
mens workwear shop,1,novelty & special use,1,Score1 = 0.774456521739, Score2 = 0.856140350877(False)
mens workwear shop,1,work wear & uniforms,2,Score1 = 0.671195652174, Score2 = 0.866396761134(False)
drills & drivers,1,power & hand tools,1,Score1 = 0.972806381436, Score2 = 0.972791651137(False)
drills & drivers,1,power tool accessories,2,Score1 = 0.893038433648, Score2 = 0.0(True)
exercise bikes,1,clothing,2,Score1 = 0.344339622642, Score2 = 0.219178082192(True)
numbers letters & signs,1,power & hand tools,1,Score1 = 0.387404580153, Score2 = 0.0591133004926(True)
motorcycle accessories,1,motorcycle & powersports,1,Score1 = 0.735751295337, Score2 = 0.901408450704(False)
motorcycle accessories,1,parts,2,Score1 = 0.60103626943, Score2 = 0.0(True)
gloves,1,men,1,Score1 = 0.50622406639, Score2 = 0.655737704918(False)
gloves,1,accessories,2,Score1 = 0.865145228216, Score2 = 0.942446043165(False)
gloves,1,hats & caps,3,Score1 = 0.842323651452, Score2 = 0.42118226601(True)
party packs,1,kitchen & dining,1,Score1 = 0.500979431929, Score2 = 0.809384164223(False)
party packs,1,tabletop,2,Score1 = 0.297747306562, Score2 = 0.480263157895(True)
door accessories,1,hardware,1,Score1 = 0.894622093023, Score2 = 0.929325751422(False)
door accessories,1,cabinet hardware,2,Score1 = 0.494912790698, Score2 = 0.957415565345(False)
mattress pads & toppers,1,bedding,1,Score1 = 0.793103448276, Score2 = 0.853754940711(False)
mattress pads & toppers,1,decorative pillows inserts & covers,2,Score1 = 0.636363636364, Score2 = 0.699507389163(False)
cufflinks,1,mens jewelry,1,Score1 = 0.679738562092, Score2 = 0.901175213675(False)
craft storage,1,kitchen & dining,1,Score1 = 0.351081530782, Score2 = 0.63981042654(False)
craft storage,1,storage & organization,2,Score1 = 0.53078202995, Score2 = 0.69592476489(False)
see all cribs,1,nursery,1,Score1 = 0.981981981982, Score2 = 0.0(True)
water bottles & hydration,1,home & garden,2,Score1 = 0.782467532468, Score2 = 0.883817427386(False)
water bottles & hydration,1,patio lawn & garden,3,Score1 = 0.678571428571, Score2 = 0.0(True)
lifting equipment,1,building supplies,1,Score1 = 0.648024316109, Score2 = 0.800187617261(False)
lifting equipment,1,heating & cooling,2,Score1 = 0.575683890578, Score2 = 0.0(True)
hair styling tools,1,hair care,1,Score1 = 0.936675461741, Score2 = 0.957746478873(False)
hair styling tools,1,styling tools,2,Score1 = 0.960422163588, Score2 = 0.0(True)
nutritional bars & drinks,1,vitamins & dietary supplements,1,Score1 = 0.953488372093, Score2 = 0.967479674797(False)
exterior car decoration,1,exterior accessories,1,Score1 = 0.749206349206, Score2 = 0.858050847458(False)
exterior car decoration,1,decals & bumper stickers,2,Score1 = 0.393650793651, Score2 = 0.66935483871(False)
bench saws,1,power & hand tools,1,Score1 = 0.838095238095, Score2 = 0.789772727273(False)
bench saws,1,power tool accessories,2,Score1 = 0.895238095238, Score2 = 0.0(True)
interior car accessories,1,replacement parts,1,Score1 = 0.571725571726, Score2 = 0.763636363636(False)
interior car accessories,1,shocks struts & suspension,2,Score1 = 0.407484407484, Score2 = 0.428571428571(True)
automotive repair,1,replacement parts,1,Score1 = 0.591078066914, Score2 = 0.617400419287(False)
automotive repair,1,brake system,2,Score1 = 0.304213135068, Score2 = 0.922606924644(True)
heaters,1,building supplies,1,Score1 = 0.80298013245, Score2 = 0.913402061856(False)
heaters,1,heating & cooling,2,Score1 = 0.917218543046, Score2 = 0.0(True)
vitamins,1,vitamins & dietary supplements,1,Score1 = 0.632722756908, Score2 = 0.853778213935(False)
rugs fan shop,1,home & garden,2,Score1 = 0.850263355907, Score2 = 0.838938053097(False)
rugs fan shop,1,decor,3,Score1 = 0.995485327314, Score2 = 0.0(True)
wall decals,1,home decor,1,Score1 = 0.811931611495, Score2 = 0.795250896057(False)
wall decals,1,home decor accents,2,Score1 = 0.94325209167, Score2 = 0.920555341304(False)
swimwear,1,women,1,Score1 = 0.752895752896, Score2 = 0.969230769231(False)
swimwear,1,swim,2,Score1 = 0.953667953668, Score2 = 0.914979757085(False)
baseball training & coaching equipment,1,home & garden,2,Score1 = 0.421875, Score2 = 0.509259259259(False)
baseball training & coaching equipment,1,decor,3,Score1 = 0.859375, Score2 = 0.0(True)
fans,1,lighting & ceiling fans,1,Score1 = 0.607255520505, Score2 = 0.812987012987(False)
fans,1,lamps & shades,2,Score1 = 0.477917981073, Score2 = 0.841584158416(False)
outdoor tables,1,patio furniture & accessories,1,Score1 = 0.979094076655, Score2 = 0.991103202847(False)
convertible cribs,1,nursery,1,Score1 = 0.978378378378, Score2 = 0.0(True)
tires accessories,1,motorcycle & powersports,1,Score1 = 0.406451612903, Score2 = 0.708994708995(False)
tires accessories,1,parts,2,Score1 = 0.995698924731, Score2 = 0.0(True)
halloween accessories,1,home decor,1,Score1 = 0.605369127517, Score2 = 0.487804878049(True)
pillow cases,1,bedding,1,Score1 = 0.979452054795, Score2 = 0.95337995338(False)
pillow cases,1,sheets & pillowcases,2,Score1 = 0.698630136986, Score2 = 0.947712418301(False)
canned vegetables,1,snack foods,1,Score1 = 0.248031496063, Score2 = 0.222222222222(True)
sanders & polishers,1,power & hand tools,1,Score1 = 0.765243902439, Score2 = 0.808764940239(False)
sanders & polishers,1,power tool accessories,2,Score1 = 0.631097560976, Score2 = 0.0(True)
all rings,1,wedding & engagement rings,1,Score1 = 0.44840608686, Score2 = 0.712410205598(False)
all rings,1,wedding rings,2,Score1 = 0.51194046429, Score2 = 0.837274896941(False)
all rings,1,diamond bands,3,Score1 = 0.786071309563, Score2 = 0.893881588244(False)
facial treatments,1,skin care,1,Score1 = 0.948453608247, Score2 = 0.971014492754(False)
facial treatments,1,face,2,Score1 = 0.845360824742, Score2 = 0.0(True)
heating,1,building supplies,1,Score1 = 0.774725274725, Score2 = 0.897163120567(False)
heating,1,heating & cooling,2,Score1 = 0.894230769231, Score2 = 0.0(True)
all shirts,1,men,1,Score1 = 0.765347885402, Score2 = 0.901960784314(False)
all shirts,1,shirts,2,Score1 = 0.298772169168, Score2 = 0.616438356164(True)
first aid,1,health care,1,Score1 = 0.917038358608, Score2 = 0.93093385214(False)
first aid,1,first aid,2,Score1 = 0.804638715433, Score2 = 0.0(True)
baseball field equipment & maintenance,1,home & garden,2,Score1 = 0.75, Score2 = 0.5375(False)
baseball field equipment & maintenance,1,decor,3,Score1 = 0.825, Score2 = 0.0(True)
table top & multi-game tables,1,home & garden,2,Score1 = 0.73288590604, Score2 = 0.620879120879(False)
table top & multi-game tables,1,decor,3,Score1 = 0.872483221477, Score2 = 0.0(True)
mens halloween costumes,1,home decor,1,Score1 = 0.581850533808, Score2 = 0.639143730887(False)
mens halloween costumes,1,home decor accents,2,Score1 = 0.979537366548, Score2 = 0.94459582198(False)
christmas trees,1,seasonal decor,1,Score1 = 0.96561922366, Score2 = 0.978943338438(False)
file cabinets,1,furniture,1,Score1 = 0.813612099644, Score2 = 0.925642427556(False)
file cabinets,1,other furniture,2,Score1 = 0.525800711744, Score2 = 0.712351945854(False)
travel duffel bags,1,home decor,1,Score1 = 0.357512953368, Score2 = 0.405797101449(True)
blenders & juicers,1,kitchen & dining,1,Score1 = 0.837579617834, Score2 = 0.828897338403(False)
blenders & juicers,1,storage & organization,2,Score1 = 0.337579617834, Score2 = 0.339622641509(True)
all bracelets,1,bracelets,1,Score1 = 0.412093202388, Score2 = 0.648130841121(False)
all bracelets,1,bangle,2,Score1 = 0.484690930098, Score2 = 0.822010329758(False)
lanterns,1,home & garden,2,Score1 = 0.75884244373, Score2 = 0.542372881356(False)
lanterns,1,decor,3,Score1 = 0.852090032154, Score2 = 0.0(True)
ratchets sockets & accessories,1,power & hand tools,1,Score1 = 0.97855227882, Score2 = 0.98335089568(False)
ratchets sockets & accessories,1,hand tools,2,Score1 = 0.981851928233, Score2 = 0.0(True)
cards stationary & invitations,1,home decor,1,Score1 = 0.662037037037, Score2 = 0.755244755245(False)
cards stationary & invitations,1,home decor accents,2,Score1 = 0.956018518519, Score2 = 0.900726392252(False)
stamping & embossing,1,home decor,1,Score1 = 0.671798029557, Score2 = 0.715857011916(False)
stamping & embossing,1,home decor accents,2,Score1 = 0.895320197044, Score2 = 0.757909215956(False)
sheds & outdoor storage,1,gardening,1,Score1 = 0.438692098093, Score2 = 0.422360248447(True)
womens shoes,1,women,1,Score1 = 0.891097666379, Score2 = 0.911736178468(False)
womens shoes,1,boots,2,Score1 = 0.176318063959, Score2 = 0.730392156863(True)
ceramic tile,1,building supplies,1,Score1 = 0.953811206461, Score2 = 0.945752844668(False)
ceramic tile,1,building materials,2,Score1 = 0.996214033317, Score2 = 0.0(True)
hammers mallets & sledges,1,power & hand tools,1,Score1 = 0.911838790932, Score2 = 0.79650092081(False)
hammers mallets & sledges,1,hand tools,2,Score1 = 0.848866498741, Score2 = 0.0(True)
canvas wall art,1,artwork,1,Score1 = 0.868008948546, Score2 = 0.963357238906(False)
kitchen sinks,1,kitchen & bath fixtures,1,Score1 = 0.98164556962, Score2 = 0.982591876209(False)
kitchen sinks,1,kitchen fixtures,2,Score1 = 0.91582278481, Score2 = 0.0(True)
all tops,1,women,1,Score1 = 0.770833333333, Score2 = 0.975225225225(False)
all tops,1,tops & tees,2,Score1 = 0.770833333333, Score2 = 0.81981981982(False)
cake baking & pastry supplies,1,kitchen & dining,1,Score1 = 0.878787878788, Score2 = 0.970443349754(False)
cake baking & pastry supplies,1,bakeware,2,Score1 = 0.787878787879, Score2 = 0.895604395604(False)
hand wrenches,1,power & hand tools,1,Score1 = 0.971203394968, Score2 = 0.980961298377(False)
hand wrenches,1,hand tools,2,Score1 = 0.97423461655, Score2 = 0.0(True)
novelty lighting,1,home decor,1,Score1 = 0.664527421237, Score2 = 0.82440737489(False)
novelty lighting,1,home decor accents,2,Score1 = 0.605600933489, Score2 = 0.776493256262(False)
styling products,1,hair care,1,Score1 = 0.88813559322, Score2 = 0.916030534351(False)
styling products,1,styling products,2,Score1 = 0.928813559322, Score2 = 0.0(True)
washers and dryers,1,kitchen & dining,1,Score1 = 0.543147208122, Score2 = 0.411214953271(True)
hot & cold therapy,1,health care,1,Score1 = 0.761290322581, Score2 = 0.834745762712(False)
hot & cold therapy,1,massage & relaxation,2,Score1 = 0.822580645161, Score2 = 0.0(True)
cases & protectors,1,cables & interconnects,3,Score1 = 0.999534161491, Score2 = 0.0(True)
utensils,1,kitchen & dining,1,Score1 = 0.948855989233, Score2 = 0.948936170213(False)
utensils,1,tabletop,2,Score1 = 0.826379542396, Score2 = 0.934853420195(False)
molding trim,1,building supplies,1,Score1 = 0.927586206897, Score2 = 0.862453531599(False)
molding trim,1,building materials,2,Score1 = 0.980459770115, Score2 = 0.0(True)
balloons,1,home decor,1,Score1 = 0.742592592593, Score2 = 0.493765586035(True)
cabinet hardware,1,hardware,1,Score1 = 0.89402173913, Score2 = 0.960486322188(False)
cabinet hardware,1,cabinet hardware,2,Score1 = 0.909420289855, Score2 = 0.959163346614(False)
sports & duffel bags,1,luggage & bags,1,Score1 = 0.93125, Score2 = 0.926174496644(False)
sports & duffel bags,1,luggage,2,Score1 = 0.825, Score2 = 0.0(True)
electronics fan shop,1,sports souvenirs,2,Score1 = 0.441399662732, Score2 = 0.594078319007(False)
additional auto replacement parts,1,replacement parts,1,Score1 = 0.974226804124, Score2 = 0.997354497354(False)
additional auto replacement parts,1,shocks struts & suspension,2,Score1 = 0.780927835052, Score2 = 0.138613861386(True)
hair brushes & styling accessories,1,hair care,1,Score1 = 0.815384615385, Score2 = 0.955188679245(False)
hair brushes & styling accessories,1,styling tools,2,Score1 = 0.532692307692, Score2 = 0.0(True)
food prep and processors,1,kitchen & dining,1,Score1 = 0.910394265233, Score2 = 0.933070866142(False)
food prep and processors,1,kitchen utensils & gadgets,2,Score1 = 0.437275985663, Score2 = 0.622950819672(False)
light bulbs,1,electrical,1,Score1 = 0.904007045354, Score2 = 0.945932781296(False)
light bulbs,1,light bulbs,2,Score1 = 0.996036988111, Score2 = 0.0(True)
kids table & chair sets,1,furniture,1,Score1 = 0.996563573883, Score2 = 0.989655172414(False)
kids table & chair sets,1,living room furniture,2,Score1 = 0.436426116838, Score2 = 0.677165354331(False)
kitchen faucets,1,kitchen & bath fixtures,1,Score1 = 0.878745644599, Score2 = 0.951625693894(False)
kitchen faucets,1,kitchen fixtures,2,Score1 = 0.762369337979, Score2 = 0.0(True)
decorative accessories fan shop,1,home & garden,2,Score1 = 0.505739210285, Score2 = 0.912392192465(False)
decorative accessories fan shop,1,decor,3,Score1 = 0.895546372819, Score2 = 0.0(True)
food storage,1,kitchen & dining,1,Score1 = 0.871143375681, Score2 = 0.911979166667(False)
food storage,1,storage & organization,2,Score1 = 0.816243194192, Score2 = 0.875486381323(False)
area rugs,1,home decor,1,Score1 = 0.97385620915, Score2 = 0.974090838146(False)
area rugs,1,area rugs & pads,2,Score1 = 0.987840097279, Score2 = 0.974149869211(False)
umbrellas & bases,1,patio furniture & accessories,1,Score1 = 0.986893840105, Score2 = 0.986719787517(False)
decor,1,home decor,1,Score1 = 0.755434782609, Score2 = 0.719424460432(False)
decor,1,home decor accents,2,Score1 = 0.847826086957, Score2 = 0.871794871795(False)
window hardware,1,hardware,1,Score1 = 0.708695652174, Score2 = 0.58282208589(False)
window hardware,1,door hardware & locks,2,Score1 = 0.621739130435, Score2 = 0.72027972028(False)
ornaments & tree trim,1,seasonal decor,1,Score1 = 0.699935261114, Score2 = 0.896408201017(False)
rugs,1,home decor,1,Score1 = 0.968549629258, Score2 = 0.987499537705(False)
rugs,1,area rugs & pads,2,Score1 = 0.974639108787, Score2 = 0.991987945165(False)
gift sets,1,women,1,Score1 = 0.276744186047, Score2 = 0.281512605042(True)
supplements,1,vitamins & dietary supplements,1,Score1 = 0.599496221662, Score2 = 0.844537815126(False)
golf accessories,1,sports equipment,2,Score1 = 0.872509960159, Score2 = 0.96803652968(False)
recliners,1,furniture,1,Score1 = 0.996168582375, Score2 = 0.996153846154(False)
recliners,1,living room furniture,2,Score1 = 0.978927203065, Score2 = 0.986301369863(False)
slipcovers,1,home decor,1,Score1 = 0.835294117647, Score2 = 0.954929577465(False)
slipcovers,1,home decor accents,2,Score1 = 0.94, Score2 = 0.713391739675(False)
toddler halloween costumes,1,home decor,1,Score1 = 0.771186440678, Score2 = 0.664835164835(False)
toddler halloween costumes,1,home decor accents,2,Score1 = 0.991525423729, Score2 = 0.974358974359(False)
wine beer & beverage chillers,1,kitchen & dining,1,Score1 = 0.932950191571, Score2 = 0.973305954825(False)
wine beer & beverage chillers,1,storage & organization,2,Score1 = 0.714559386973, Score2 = 0.697050938338(False)
tool sets,1,power & hand tools,1,Score1 = 0.719594594595, Score2 = 0.828303152247(False)
tool sets,1,hand tools,2,Score1 = 0.716216216216, Score2 = 0.0(True)
gun accessories,1,home & garden,2,Score1 = 0.491599707816, Score2 = 0.292719167905(True)
binoculars,1,home & garden,2,Score1 = 0.57472826087, Score2 = 0.302600472813(True)
wallpaper & accessories,1,painting supplies & wall treatments,1,Score1 = 0.738693467337, Score2 = 0.823129251701(False)
audio & media towers,1,furniture,1,Score1 = 0.855140186916, Score2 = 0.874316939891(False)
audio & media towers,1,other furniture,2,Score1 = 0.766355140187, Score2 = 0.841463414634(False)
stretch bands & cords,1,home & garden,2,Score1 = 0.375959079284, Score2 = 0.163265306122(True)
kitchen & dining tables,1,furniture,1,Score1 = 0.99464459591, Score2 = 0.995594713656(False)
kitchen & dining tables,1,dining room furniture,2,Score1 = 0.838364167478, Score2 = 0.976771196283(False)
specialty appliances,1,kitchen & dining,1,Score1 = 0.853816300129, Score2 = 0.878787878788(False)
specialty appliances,1,tabletop,2,Score1 = 0.43596377749, Score2 = 0.510385756677(False)
condiments,1,snack foods,1,Score1 = 0.348258706468, Score2 = 0.228571428571(True)
all halloween costumes,1,home decor,1,Score1 = 0.503296703297, Score2 = 0.567061759201(False)
all halloween costumes,1,home decor accents,2,Score1 = 0.967346938776, Score2 = 0.938331710484(False)
candles & candle holders,1,home decor,1,Score1 = 0.93900579445, Score2 = 0.95420591101(False)
candles & candle holders,1,candles & holders,2,Score1 = 0.870387313205, Score2 = 0.972319551507(False)
christmas lights,1,seasonal decor,1,Score1 = 0.874265569918, Score2 = 0.95564516129(False)
prybars & crowbars,1,power & hand tools,1,Score1 = 0.865771812081, Score2 = 0.860465116279(False)
prybars & crowbars,1,hand tools,2,Score1 = 0.969798657718, Score2 = 0.0(True)
other fan shop,1,home & garden,2,Score1 = 0.622315453002, Score2 = 0.850561797753(False)
other fan shop,1,decor,3,Score1 = 0.82139646389, Score2 = 0.0(True)
paint sprayers,1,painting supplies & wall treatments,1,Score1 = 0.504132231405, Score2 = 0.614754098361(False)
counter organizers,1,kitchen & dining,1,Score1 = 0.628117913832, Score2 = 0.945848375451(False)
counter organizers,1,storage & organization,2,Score1 = 0.421768707483, Score2 = 0.623655913978(False)
sealants fillers & adhesives,1,power & hand tools,1,Score1 = 0.416692716474, Score2 = 0.406601650413(True)
pressure washers,1,power & hand tools,1,Score1 = 0.411085450346, Score2 = 0.550561797753(False)
pressure washers,1,power tool accessories,2,Score1 = 0.909930715935, Score2 = 0.0(True)
clocks & weather,1,outdoor decor,1,Score1 = 0.850530376085, Score2 = 0.928571428571(False)
needlecrafts,1,home decor,1,Score1 = 0.495356037152, Score2 = 0.663636363636(False)
needlecrafts,1,home decor accents,2,Score1 = 0.922882071489, Score2 = 0.864897834706(False)
baby gates,1,nursery,1,Score1 = 0.609375, Score2 = 0.0(True)
kitchen & dining fan shop,1,home & garden,2,Score1 = 0.916233766234, Score2 = 0.932908103(False)
kitchen & dining fan shop,1,decor,3,Score1 = 0.73354978355, Score2 = 0.0(True)
clocks,1,home decor,1,Score1 = 0.980092325447, Score2 = 0.98704739476(False)
clocks,1,clocks,2,Score1 = 0.970859780727, Score2 = 0.996731054978(False)
wine racks,1,kitchen & dining,1,Score1 = 0.891181988743, Score2 = 0.927368421053(False)
wine racks,1,storage & organization,2,Score1 = 0.91181988743, Score2 = 0.920781893004(False)
living room sets,1,furniture,1,Score1 = 0.997354497354, Score2 = 0.989389920424(False)
living room sets,1,living room furniture,2,Score1 = 0.994708994709, Score2 = 0.994680851064(False)
bathroom furniture,1,bath,1,Score1 = 0.649857278782, Score2 = 0.887262079063(False)
blankets & throws,1,bedding,1,Score1 = 0.932077625571, Score2 = 0.941824862217(False)
blankets & throws,1,decorative pillows inserts & covers,2,Score1 = 0.873287671233, Score2 = 0.967973856209(False)
tables,1,home & garden,2,Score1 = 0.864, Score2 = 0.894444444444(False)
tables,1,decor,3,Score1 = 0.9488, Score2 = 0.0(True)
drawers & carts,1,furniture,1,Score1 = 0.642857142857, Score2 = 0.847222222222(False)
drawers & carts,1,other furniture,2,Score1 = 0.645089285714, Score2 = 0.730103806228(False)
other home,1,home & garden,2,Score1 = 0.575949367089, Score2 = 0.682692307692(False)
other home,1,decor,3,Score1 = 0.799841772152, Score2 = 0.0(True)
screwdrivers,1,power & hand tools,1,Score1 = 0.955588452998, Score2 = 0.956622773044(False)
screwdrivers,1,hand tools,2,Score1 = 0.920799407846, Score2 = 0.0(True)
tops,1,women,1,Score1 = 0.71974522293, Score2 = 0.961651917404(False)
tops,1,tops & tees,2,Score1 = 0.768577494692, Score2 = 0.947513812155(False)
tops,1,blouses & button-down shirts,3,Score1 = 0.284501061571, Score2 = 0.89552238806(True)
baby proofing,1,nursery,1,Score1 = 0.783783783784, Score2 = 0.0(True)
protective gear fan shop,1,sports souvenirs,2,Score1 = 0.885608856089, Score2 = 0.933333333333(False)
fountains & ponds,1,outdoor decor,1,Score1 = 0.60710553814, Score2 = 0.70395869191(False)
drawers & cabinet organizers,1,kitchen & dining,1,Score1 = 0.566233766234, Score2 = 0.715596330275(False)
drawers & cabinet organizers,1,storage & organization,2,Score1 = 0.8, Score2 = 0.892857142857(False)
guest & reception chairs,1,furniture,1,Score1 = 0.996677740864, Score2 = 0.996666666667(False)
guest & reception chairs,1,living room furniture,2,Score1 = 0.548172757475, Score2 = 0.824242424242(False)
sports accessories fan shop,1,home & garden,2,Score1 = 0.582633053221, Score2 = 0.802884615385(False)
sports accessories fan shop,1,decor,3,Score1 = 0.809523809524, Score2 = 0.0(True)
coat racks & umbrella stands,1,furniture,1,Score1 = 0.484962406015, Score2 = 0.811369509044(False)
coat racks & umbrella stands,1,other furniture,2,Score1 = 0.838345864662, Score2 = 0.904334828102(False)
christmas stockings,1,seasonal decor,1,Score1 = 0.922535211268, Score2 = 0.988549618321(False)
water parks & towables,1,home & garden,2,Score1 = 0.625, Score2 = 0.296774193548(True)
bedding sets,1,bedding,1,Score1 = 0.955899198167, Score2 = 0.962252846016(False)
bedding sets,1,sheets & pillowcases,2,Score1 = 0.524627720504, Score2 = 0.81768558952(False)
cookware sets,1,kitchen & dining,1,Score1 = 0.966555183946, Score2 = 0.958477508651(False)
cookware sets,1,tabletop,2,Score1 = 0.334448160535, Score2 = 0.26(True)
socks & hosiery,1,women,1,Score1 = 0.825454545455, Score2 = 0.925110132159(False)
socks & hosiery,1,intimates,2,Score1 = 0.307272727273, Score2 = 0.183431952663(True)
outdoor seating,1,patio furniture & accessories,1,Score1 = 0.986039676708, Score2 = 0.986214605067(False)
wall art fan shop,1,home & garden,2,Score1 = 0.793871317371, Score2 = 0.944768524265(False)
wall art fan shop,1,decor,3,Score1 = 0.953492954971, Score2 = 0.0(True)
kids lounge seating,1,furniture,1,Score1 = 0.934818481848, Score2 = 0.961165048544(False)
kids lounge seating,1,living room furniture,2,Score1 = 0.474422442244, Score2 = 0.822608695652(False)
bathroom vanities,1,kitchen & bath fixtures,1,Score1 = 0.846786833856, Score2 = 0.987968533087(False)
bathroom vanities,1,bathroom fixtures,2,Score1 = 0.99921630094, Score2 = 0.0(True)
blocks straps and accessories,1,home & garden,2,Score1 = 0.581395348837, Score2 = 0.48(True)
knives & sharpeners,1,kitchen & dining,1,Score1 = 0.94592476489, Score2 = 0.92212096106(False)
knives & sharpeners,1,tabletop,2,Score1 = 0.605015673981, Score2 = 0.795336787565(False)
party favors & goody bags,1,home decor,1,Score1 = 0.544785276074, Score2 = 0.682432432432(False)
party favors & goody bags,1,home decor accents,2,Score1 = 0.970552147239, Score2 = 0.919089759798(False)
window blinds,1,home decor,1,Score1 = 1.0, Score2 = 0.992481203008(False)
window blinds,1,window treatments,2,Score1 = 0.996240601504, Score2 = 1.0(False)
candy,1,candy & chocolate,1,Score1 = 0.873684210526, Score2 = 0.871485943775(False)
halloween make-up,1,kitchen & dining,1,Score1 = 0.424, Score2 = 0.254716981132(True)
diet foods & drinks,1,vitamins & dietary supplements,1,Score1 = 0.793103448276, Score2 = 0.882608695652(False)
wallets money & key organizers,1,novelty & special use,1,Score1 = 0.652818991098, Score2 = 0.886363636364(False)
wallets money & key organizers,1,novelty,2,Score1 = 0.928783382789, Score2 = 0.91054313099(False)
wallets money & key organizers,1,accessories,3,Score1 = 0.919881305638, Score2 = 0.945161290323(False)
air conditioners,1,building supplies,1,Score1 = 0.694230769231, Score2 = 0.903047091413(False)
air conditioners,1,heating & cooling,2,Score1 = 0.926923076923, Score2 = 0.0(True)
towels,1,bath,1,Score1 = 0.838120104439, Score2 = 0.809968847352(False)
mattresses,1,furniture,1,Score1 = 0.796610169492, Score2 = 0.808510638298(False)
mattresses,1,bedroom furniture,2,Score1 = 0.954802259887, Score2 = 0.973372781065(False)
cookware,1,home & garden,2,Score1 = 0.657004830918, Score2 = 0.5(False)
cookware,1,decor,3,Score1 = 0.743961352657, Score2 = 0.0(True)
sports mats & accessories,1,home & garden,2,Score1 = 0.537832310838, Score2 = 0.543726235741(False)
sports mats & accessories,1,decor,3,Score1 = 0.80981595092, Score2 = 0.0(True)
lips,1,makeup,1,Score1 = 0.837366892546, Score2 = 0.967630057803(False)
lips,1,lips,2,Score1 = 0.951597289448, Score2 = 0.987792472024(False)
living room chairs,1,furniture,1,Score1 = 0.820590461771, Score2 = 0.978782287823(False)
living room chairs,1,living room furniture,2,Score1 = 0.680545041635, Score2 = 0.828698553949(False)
bedding fan shop,1,home & garden,2,Score1 = 0.996125699526, Score2 = 0.997839239412(False)
bedding fan shop,1,decor,3,Score1 = 0.875161429186, Score2 = 0.0(True)
decorative pillows,1,bedding,1,Score1 = 0.947624108092, Score2 = 0.902114706825(False)
decorative pillows,1,decorative pillows inserts & covers,2,Score1 = 0.981934112646, Score2 = 0.996134817563(False)
sauces,1,pantry staples,1,Score1 = 0.753246753247, Score2 = 0.744252873563(False)
shower heads,1,kitchen & bath fixtures,1,Score1 = 0.958587088916, Score2 = 0.960609911055(False)
shower heads,1,bathroom fixtures,2,Score1 = 0.990255785627, Score2 = 0.0(True)
weight plates & racks,1,auto accessories,2,Score1 = 0.432558139535, Score2 = 0.784946236559(False)
incontinence,1,health care,1,Score1 = 0.833574529667, Score2 = 0.84375(False)
incontinence,1,massage & relaxation,2,Score1 = 0.626628075253, Score2 = 0.0(True)
lawn games,1,home & garden,2,Score1 = 0.486, Score2 = 0.56378600823(False)
lawn games,1,decor,3,Score1 = 0.868, Score2 = 0.0(True)
salt & pepper shakers mills,1,kitchen & dining,1,Score1 = 0.929919137466, Score2 = 0.907246376812(False)
salt & pepper shakers mills,1,kitchen utensils & gadgets,2,Score1 = 0.857142857143, Score2 = 0.937106918239(False)
chisels & punches,1,power & hand tools,1,Score1 = 0.927595628415, Score2 = 0.924889543446(False)
chisels & punches,1,hand tools,2,Score1 = 0.827868852459, Score2 = 0.0(True)
hair treatments,1,hair care,1,Score1 = 0.896551724138, Score2 = 0.941025641026(False)
hair treatments,1,styling products,2,Score1 = 0.75632183908, Score2 = 0.0(True)
clocks fan shop,1,home & garden,2,Score1 = 0.998263888889, Score2 = 0.961739130435(False)
clocks fan shop,1,decor,3,Score1 = 1.0, Score2 = 0.0(True)
accent rugs,1,home decor,1,Score1 = 0.986516853933, Score2 = 0.98861047836(False)
accent rugs,1,area rugs & pads,2,Score1 = 0.995505617978, Score2 = 1.0(False)
bags fan shop,1,clothing accessories,2,Score1 = 0.675608544461, Score2 = 0.732352941176(False)
night vision & monoculars,1,home & garden,2,Score1 = 0.400921658986, Score2 = 0.333333333333(True)
bath faucets,1,kitchen & bath fixtures,1,Score1 = 0.853798375538, Score2 = 0.96838276441(False)
bath faucets,1,bathroom fixtures,2,Score1 = 0.965599617774, Score2 = 0.0(True)
nails,1,hardware,1,Score1 = 0.46803652968, Score2 = 0.585365853659(False)
nails,1,nails screws & fasteners,2,Score1 = 0.850456621005, Score2 = 0.88322147651(False)
mixers & attachments,1,kitchen & dining,1,Score1 = 0.673267326733, Score2 = 0.830882352941(False)
mixers & attachments,1,storage & organization,2,Score1 = 0.391089108911, Score2 = 0.455696202532(True)
pliers,1,power & hand tools,1,Score1 = 0.971759594497, Score2 = 0.979880774963(False)
pliers,1,hand tools,2,Score1 = 0.931209268646, Score2 = 0.0(True)
drinkware,1,kitchen & dining,1,Score1 = 0.948982360923, Score2 = 0.972833857592(False)
drinkware,1,glassware & drinkware,2,Score1 = 0.413839891452, Score2 = 0.782950819672(False)
lighting accessories,1,home decor,1,Score1 = 0.947527749748, Score2 = 0.924387646432(False)
lighting accessories,1,window treatments,2,Score1 = 0.557013118063, Score2 = 0.596014492754(False)
wall decor,1,home decor,1,Score1 = 0.767779390421, Score2 = 0.868620037807(False)
wall decor,1,home decor accents,2,Score1 = 0.816400580552, Score2 = 0.945777777778(False)
gun stocks & grips,1,home & garden,2,Score1 = 0.5625, Score2 = 0.482905982906(True)
indoor tubs & whirlpools,1,kitchen & bath fixtures,1,Score1 = 0.946862996159, Score2 = 0.994590939824(False)
indoor tubs & whirlpools,1,bathroom fixtures,2,Score1 = 1.0, Score2 = 0.0(True)
air filters,1,building supplies,1,Score1 = 0.783783783784, Score2 = 0.875(False)
air filters,1,heating & cooling,2,Score1 = 0.939189189189, Score2 = 0.0(True)
night stands,1,furniture,1,Score1 = 0.975683890578, Score2 = 0.98753894081(False)
night stands,1,bedroom furniture,2,Score1 = 0.962006079027, Score2 = 0.995260663507(False)
safety & protection products,1,safety & security,1,Score1 = 0.803819444444, Score2 = 0.913606911447(False)
fire pits & patio heaters,1,outdoor decor,1,Score1 = 0.382867132867, Score2 = 0.328767123288(True)
air compressor accessories,1,power & hand tools,1,Score1 = 0.633684210526, Score2 = 0.720930232558(False)
air compressor accessories,1,power tool accessories,2,Score1 = 0.745263157895, Score2 = 0.0(True)
body cleansers,1,bath & body,1,Score1 = 0.686346863469, Score2 = 0.9229390681(False)
golf bags & carts,1,sports equipment,2,Score1 = 0.812030075188, Score2 = 0.912037037037(False)
trampolines,1,home & garden,2,Score1 = 0.530791788856, Score2 = 0.491712707182(True)
lights & flashlights,1,home & garden,2,Score1 = 0.670634920635, Score2 = 0.524654832347(False)
lights & flashlights,1,decor,3,Score1 = 0.664021164021, Score2 = 0.0(True)
ovens & ranges,1,kitchen & dining,1,Score1 = 0.759084791386, Score2 = 0.804964539007(False)
ovens & ranges,1,storage & organization,2,Score1 = 0.422611036339, Score2 = 0.487261146497(True)
comforters,1,bedding,1,Score1 = 0.945244956772, Score2 = 0.987804878049(False)
comforters,1,sheets & pillowcases,2,Score1 = 0.541786743516, Score2 = 0.627659574468(False)
daily living aids,1,health care,1,Score1 = 0.554147465438, Score2 = 0.754677754678(False)
daily living aids,1,massage & relaxation,2,Score1 = 0.805299539171, Score2 = 0.0(True)
files & planes,1,power & hand tools,1,Score1 = 0.894444444444, Score2 = 0.761904761905(False)
files & planes,1,hand tools,2,Score1 = 0.805555555556, Score2 = 0.0(True)
frames,1,home decor,1,Score1 = 0.893236074271, Score2 = 0.947290274684(False)
frames,1,photo frames,2,Score1 = 0.834549071618, Score2 = 0.981326976559(False)
entertainment centers,1,furniture,1,Score1 = 0.992779783394, Score2 = 0.981818181818(False)
entertainment centers,1,other furniture,2,Score1 = 0.42238267148, Score2 = 0.376068376068(True)
saw blades,1,power & hand tools,1,Score1 = 0.935613682093, Score2 = 0.545161290323(False)
saw blades,1,power tool accessories,2,Score1 = 0.908450704225, Score2 = 0.0(True)
hooks racks & hangers,1,storage & organization,1,Score1 = 0.693421052632, Score2 = 0.855787476281(False)
toddler feeding,1,nursery,1,Score1 = 0.702702702703, Score2 = 0.0(True)
fabric,1,home decor,1,Score1 = 0.449793672627, Score2 = 0.437308868502(True)
bookcases,1,furniture,1,Score1 = 0.835928143713, Score2 = 0.901862464183(False)
bookcases,1,other furniture,2,Score1 = 0.907784431138, Score2 = 0.934696569921(False)
bathroom & vanity lighting,1,bath,1,Score1 = 0.40127388535, Score2 = 0.409035409035(True)
hitching & towing,1,exterior accessories,1,Score1 = 0.864835756597, Score2 = 0.963262764633(False)
hitching & towing,1,decals & bumper stickers,2,Score1 = 0.784598815293, Score2 = 0.54632807138(False)
salt spices & seasoning,1,canned dry & packaged foods,1,Score1 = 0.406417112299, Score2 = 0.594736842105(False)
car floor mats & cargo mats,1,interior accessories,1,Score1 = 0.966666666667, Score2 = 0.959955506118(False)
car floor mats & cargo mats,1,floor mats & cargo liners,2,Score1 = 0.990322580645, Score2 = 0.99565689468(False)
car floor mats & cargo mats,1,floor mats,3,Score1 = 0.747311827957, Score2 = 0.0(True)
kitchen gadgets,1,kitchen & dining,1,Score1 = 0.896587383661, Score2 = 0.892156862745(False)
kitchen gadgets,1,kitchen utensils & gadgets,2,Score1 = 0.648914167528, Score2 = 0.828685258964(False)
diaper bags,1,nursery,1,Score1 = 0.837278106509, Score2 = 0.0(True)
outdoor decor fan shop,1,home & garden,2,Score1 = 0.803334968122, Score2 = 0.952991452991(False)
outdoor decor fan shop,1,patio lawn & garden,3,Score1 = 0.58214811182, Score2 = 0.0(True)
bedroom aids & safety,1,health care,1,Score1 = 0.646586345382, Score2 = 0.726708074534(False)
bedroom aids & safety,1,massage & relaxation,2,Score1 = 0.939759036145, Score2 = 0.0(True)
kids bedding,1,bedding,1,Score1 = 0.934554973822, Score2 = 0.948179271709(False)
kids bedding,1,decorative pillows inserts & covers,2,Score1 = 0.581151832461, Score2 = 0.903153153153(False)
specialty cookware,1,kitchen & dining,1,Score1 = 0.957627118644, Score2 = 0.946902654867(False)
specialty cookware,1,kitchen utensils & gadgets,2,Score1 = 0.457627118644, Score2 = 0.401234567901(True)
beading & jewelry making,1,home decor,1,Score1 = 0.75987770461, Score2 = 0.749922624574(False)
beading & jewelry making,1,home decor accents,2,Score1 = 0.973424270931, Score2 = 0.914472094709(False)
metal wall art,1,home decor,1,Score1 = 0.831280788177, Score2 = 0.903703703704(False)
metal wall art,1,home decor accents,2,Score1 = 0.913793103448, Score2 = 0.975741239892(False)
vanities & vanity stools,1,furniture,1,Score1 = 0.915760869565, Score2 = 0.970326409496(False)
vanities & vanity stools,1,bedroom furniture,2,Score1 = 0.910326086957, Score2 = 0.889552238806(False)
taps & dies,1,power & hand tools,1,Score1 = 0.882882882883, Score2 = 0.741496598639(False)
taps & dies,1,power tool accessories,2,Score1 = 0.534534534535, Score2 = 0.0(True)
drill & router bits,1,power & hand tools,1,Score1 = 0.945115810675, Score2 = 0.952583910495(False)
drill & router bits,1,power tool accessories,2,Score1 = 0.841389728097, Score2 = 0.0(True)
artificial plants & flowers,1,home decor,1,Score1 = 0.852756685375, Score2 = 0.912504839334(False)
artificial plants & flowers,1,home decor accents,2,Score1 = 0.981842192143, Score2 = 0.954270342972(False)
slow cookers rice cookers & steamers,1,kitchen & dining,1,Score1 = 0.991452991453, Score2 = 0.974137931034(False)
slow cookers rice cookers & steamers,1,tabletop,2,Score1 = 0.353276353276, Score2 = 0.201612903226(True)
china cabinets & buffets,1,furniture,1,Score1 = 0.873203719358, Score2 = 0.878025169409(False)
china cabinets & buffets,1,dining room furniture,2,Score1 = 0.610312764159, Score2 = 0.868421052632(False)
mailboxes & address plaques,1,hardware,1,Score1 = 0.937379576108, Score2 = 0.924974306269(False)
mailboxes & address plaques,1,door hardware & locks,2,Score1 = 0.61753371869, Score2 = 0.694227769111(False)
sleeping bags,1,clothing accessories,2,Score1 = 0.554502369668, Score2 = 0.726495726496(False)
grills & accessories,1,gardening,1,Score1 = 0.354166666667, Score2 = 0.411764705882(True)
kitchen & dining sets,1,furniture,1,Score1 = 0.986363636364, Score2 = 0.985599078341(False)
kitchen & dining sets,1,dining room furniture,2,Score1 = 0.917613636364, Score2 = 0.97399380805(False)
ottomans,1,furniture,1,Score1 = 0.954318936877, Score2 = 0.959965187119(False)
ottomans,1,living room furniture,2,Score1 = 0.876245847176, Score2 = 0.961137440758(False)
sleepwear & robes,1,women,1,Score1 = 0.752, Score2 = 0.925531914894(False)
sleepwear & robes,1,sleep & lounge,2,Score1 = 0.824, Score2 = 0.844660194175(False)
closet storage & organizers,1,storage & organization,1,Score1 = 0.463312368973, Score2 = 0.723981900452(False)
dresses,1,women,1,Score1 = 0.844370860927, Score2 = 0.988235294118(False)
dresses,1,dresses,2,Score1 = 0.814569536424, Score2 = 0.955284552846(False)
chisels & gouges,1,power & hand tools,1,Score1 = 0.91, Score2 = 0.923076923077(False)
chisels & gouges,1,hand tools,2,Score1 = 0.825, Score2 = 0.0(True)
grinders,1,power & hand tools,1,Score1 = 0.865771812081, Score2 = 0.855297157623(False)
grinders,1,power tool accessories,2,Score1 = 0.733780760626, Score2 = 0.0(True)
posters,1,artwork,1,Score1 = 0.938138189244, Score2 = 0.988571428571(False)
specialty fasteners,1,hardware,1,Score1 = 0.425943396226, Score2 = 0.744186046512(False)
specialty fasteners,1,door hardware & locks,2,Score1 = 0.394811320755, Score2 = 0.58064516129(False)
kitchen textiles,1,kitchen & dining,1,Score1 = 0.784930139721, Score2 = 0.93833439288(False)
kitchen textiles,1,kitchen & table linens,2,Score1 = 0.582834331337, Score2 = 0.821061643836(False)
door security,1,hardware,1,Score1 = 0.66391184573, Score2 = 0.863070539419(False)
door security,1,door hardware & locks,2,Score1 = 0.892561983471, Score2 = 0.864197530864(False)
camping fan shop,1,home & garden,2,Score1 = 0.906593406593, Score2 = 0.880808080808(False)
camping fan shop,1,patio lawn & garden,3,Score1 = 0.57326007326, Score2 = 0.0(True)
halloween hats,1,seasonal decor,1,Score1 = 0.455497382199, Score2 = 0.344827586207(True)
sun care,1,skin care,1,Score1 = 0.973913043478, Score2 = 0.934523809524(False)
sun care,1,body,2,Score1 = 0.56231884058, Score2 = 0.0(True)
halloween wigs,1,home decor,1,Score1 = 0.529017857143, Score2 = 0.523206751055(False)
halloween wigs,1,home decor accents,2,Score1 = 0.995535714286, Score2 = 0.970852017937(False)
air purifiers,1,building supplies,1,Score1 = 0.435897435897, Score2 = 0.651960784314(False)
air purifiers,1,heating & cooling,2,Score1 = 0.82905982906, Score2 = 0.0(True)
chairs & stools,1,home & garden,2,Score1 = 0.974747474747, Score2 = 0.989637305699(False)
chairs & stools,1,decor,3,Score1 = 0.89898989899, Score2 = 0.0(True)
beds,1,furniture,1,Score1 = 0.949874686717, Score2 = 0.98364116095(False)
beds,1,bedroom furniture,2,Score1 = 0.975939849624, Score2 = 0.99178222907(False)
dressers,1,furniture,1,Score1 = 0.853629512098, Score2 = 0.979089219331(False)
dressers,1,bedroom furniture,2,Score1 = 0.834192780643, Score2 = 0.964336661912(False)
fireplace accessories,1,building supplies,1,Score1 = 0.512705530643, Score2 = 0.718658892128(False)
fireplace accessories,1,heating & cooling,2,Score1 = 0.63976083707, Score2 = 0.0(True)
ramps lifts and jacks,1,replacement parts,1,Score1 = 0.453531598513, Score2 = 0.700819672131(False)
ramps lifts and jacks,1,shocks struts & suspension,2,Score1 = 0.453531598513, Score2 = 0.569672131148(False)
